Symbol,Name,Last Sale,Net Change,% Change,Market Cap,Country,IPO Year,Volume,Sector,Industry
ACBAU,Ace Global Business Acquisition Limited Unit,$10.34,0.00,0.00%,0.00,Hong Kong,2021,1,Miscellaneous,Business Services
ACBAW,Ace Global Business Acquisition Limited Warrant,$0.42,0.00,0.00%,0.00,Hong Kong,2021,1600,Miscellaneous,Business Services
AEHL,Antelope Enterprise Holdings Limited Common Stock (0.024 par),$3.03,0.15,5.208%,17897804.00,China,,1745477,Capital Goods,Building Products
AGBAR,AGBA Acquisition Limited Right,$0.312,-0.0168,-5.109%,0.00,Hong Kong,2019,39211,Finance,Business Services
AGBAW,AGBA Acquisition Limited Warrant,$0.1999,0.0168,9.175%,0.00,Hong Kong,2019,14107,Finance,Business Services
AIHS,Senmiao Technology Limited Common Stock,$0.551,-0.024,-4.174%,23890709.00,China,2018,628208,Finance,Finance: Consumer Services
ALACR,Alberton Acquisition Corporation Rights exp April 26 2021,$0.4711,-0.019,-3.877%,0.00,Hong Kong,2018,43970,Finance,Business Services
ALACW,Alberton Acquisition Corporation Warrant,$0.3405,0.0418,13.994%,0.00,Hong Kong,2018,175937,Finance,Business Services
AMBO,Ambow Education Holding Ltd. American Depository Shares each representing two Class A ordinary shares,$1.42,0.02,1.429%,33117375.00,China,,66270,Miscellaneous,Service to the Health Industry
ANPC,AnPac Bio-Medical Science Co. Ltd. American Depositary Shares,$3.76,0.28,8.046%,42117114.00,China,2020,160263,Health Care,Medical Specialities
ANTE,AirNet Technology Inc. American Depositary Shares,$2.76,0.02,0.73%,49115274.00,China,,11216,Technology,Advertising
APWC,Asia Pacific Wire & Cable Corporation Ltd. Ordinary Shares (Bermuda),$3.111,-0.114,-3.535%,42992990.00,Taiwan,,14939,Basic Industries,Telecommunications Equipment
ATIF,ATIF Holdings Limited Ordinary Shares,$4.62,0.13,2.895%,42325622.00,China,2019,442258,Consumer Services,Professional Services
BHAT,Blue Hat Interactive Entertainment Technology Ordinary Shares,$0.6675,-0.0315,-4.506%,23456694.00,China,2019,352921,Consumer Non-Durables,Recreational Products/Toys
BIMI,BIMI International Medical Inc. Common Stock,$0.7922,0.0027,0.342%,19641797.00,China,,60134,Health Care,Medical/Nursing Services
BNSO,Bonso Electronics International Inc. Common Stock,$6.64,0.13,1.997%,32490337.00,Hong Kong,,16597,Capital Goods,Industrial Machinery/Components
BRLIR,Brilliant Acquisition Corporation Rights,$0.3598,0.0241,7.179%,0.00,China,2020,20940,Finance,Business Services
BRLIU,Brilliant Acquisition Corporation Unit,$10.50,0.00,0.00%,0.00,China,2020,4,Finance,Business Services
BRLIW,Brilliant Acquisition Corporation Warrants,$0.38,0.0062,1.659%,0.00,China,2020,4550,Finance,Business Services
BSGAR,Blue Safari Group Acquisition Corp. Right,$0.3401,0.01,3.029%,0.00,China,2021,8089,,
BSGAU,Blue Safari Group Acquisition Corp. Unit,$10.18,0.02,0.197%,0.00,China,2021,5314,,
BTB,Bit Brother Limited Ordinary Shares,$0.9145,0.0074,0.816%,7264981.00,China,,434416,Basic Industries,Major Chemicals
BTWNU,Bridgetown Holdings Limited Units,$10.24,0.008,0.078%,0.00,Hong Kong,2020,37181,Finance,Business Services
BTWNW,Bridgetown Holdings Limited Warrants,$1.10,-0.035,-3.084%,0.00,Hong Kong,2020,176026,Finance,Business Services
CJJD,China Jo-Jo Drugstores Inc. (Cayman Islands) Ordinary Shares,$0.6927,-0.0177,-2.492%,28921465.00,China,,55740,Consumer Durables,Specialty Chemicals
CLEU,China Liberal Education Holdings Limited Ordinary Shares,$3.07,-0.55,-15.193%,37863332.00,China,2020,24862222,Consumer Services,Other Consumer Services
CLWT,Euro Tech Holdings Company Limited Common Stock,$3.60,0.20,5.882%,16701430.00,Hong Kong,1997,22039,Capital Goods,Industrial Machinery/Components
CPHI,China Pharma Holdings Inc. Common Stock,$0.6698,-0.0012,-0.179%,29189587.00,China,,125761,Health Care,Biotechnology: Pharmaceutical Preparations
CREG,China Recycling Energy Corporation Common Stock,$6.64,-0.21,-3.066%,43713291.00,China,,42489,,
CXDC,China XD Plastics Company Limited Common Stock,$0.545,-0.005,-0.909%,38449118.00,China,,398520,Consumer Non-Durables,Plastic Products
DSACW,Duddell Street Acquisition Corp. Warrant,$0.5749,-0.02,-3.362%,0.00,Hong Kong,2020,1272,Finance,Business Services
DTSS,Datasea Inc. Common Stock,$2.03,0.09,4.639%,48539415.00,China,,73655,Technology,Retail: Computer Software & Peripheral Equipment
DXF,Dunxin Financial Holdings Limited American Depositary Shares,$1.4846,0.0146,0.993%,30997241.00,China,,18839,Consumer Non-Durables,Apparel
EDTK,Skillful Craftsman Education Technology Limited Ordinary Share,$1.53,0.06,4.082%,18360000.00,China,2020,67611,Consumer Services,Other Consumer Services
EVK,Ever-Glory International Group Inc. Common Stock,$2.98,0.06,2.055%,44135767.00,China,,45191,Consumer Non-Durables,Apparel
EZGO,EZGO Technologies Ltd. Ordinary Shares,$3.24,0.06,1.887%,43424430.00,China,2021,76214,Consumer Non-Durables,Motor Vehicles
FAMI,Farmmi Inc. Ordinary Shares,$0.4278,0.0049,1.159%,8777473.00,China,2018,7467462,Consumer Non-Durables,Packaged Foods
FFHL,Fuwei Films (Holdings) Co. Ltd. Ordinary Shares,$10.18,-0.063,-0.615%,33246221.00,China,2006,17878,Capital Goods,Specialty Chemicals
GBRGR,Goldenbridge Acquisition Limited Right,$0.39,0.0413,11.844%,0.00,Hong Kong,2021,8914,Finance,Business Services
GBRGW,Goldenbridge Acquisition Limited Warrant,$0.269,-0.034,-11.221%,0.00,Hong Kong,2021,11976,Finance,Business Services
GIGM,GigaMedia Limited Ordinary Shares,$2.64,-0.0156,-0.587%,29177900.00,Taiwan,,37316,Technology,Computer Software: Programming Data Processing
GRCYU,Greencity Acquisition Corporation Unit,$10.3801,0.00,0.00%,0.00,China,2020,80,Finance,Business Services
GRCYW,Greencity Acquisition Corporation Warrants,$0.27,0.0197,7.871%,0.00,China,2020,425,Finance,Business Services
GSMGW,Glory Star New Media Group Holdings Limited Warrant expiring 2/13/2025,$0.0851,-0.0018,-2.071%,0.00,China,2018,17075,Technology,EDP Services
GURE,Gulf Resources Inc. (NV) Common Stock,$4.06,-0.0738,-1.785%,42506077.00,China,,6034,Basic Industries,Major Chemicals
HAPP,Happiness Biotech Group Limited Ordinary Shares,$1.14,0.00,0.00%,36426449.00,China,2019,510549,Consumer Durables,Specialty Chemicals
HGSH,China HGS Real Estate Inc. Common Stock,$1.74,-0.04,-2.247%,44574984.00,China,,54919,Consumer Services,Building operators
HIHO,Highway Holdings Limited Common Stock,$3.97,-0.08,-1.975%,15768145.00,Hong Kong,,20654,Capital Goods,Industrial Machinery/Components
HUSN,Hudson Capital Inc. Ordinary Shares,$2.5823,-0.0777,-2.921%,16542591.00,China,2017,33979,Consumer Services,Professional Services
HX,Xiaobai Maimai Inc. ADR,$1.78,-0.05,-2.732%,28984673.00,China,2017,19019,Finance,Finance: Consumer Services
ITP,IT Tech Packaging Inc. Common Stock,$0.411,-0.0042,-1.012%,40709509.00,China,,1300548,Basic Industries,Paper
JRJC,China Finance Online Co. Limited American Depositary Shares,$4.84,-0.12,-2.419%,11819086.00,China,2004,10405,Finance,Investment Bankers/Brokers/Service
KBSF,KBS Fashion Group Limited Common Stock,$3.86,0.12,3.209%,10002414.00,China,2013,150569,Consumer Non-Durables,Apparel
LAAAU,Lakeshore Acquisition I Corp. Unit,$10.03,0.06,0.602%,0.00,China,2021,4409,,
LAAAW,Lakeshore Acquisition I Corp. Warrant,$0.57,-0.07,-10.938%,0.00,China,2021,450,,
LCAAU,L Catterton Asia Acquisition Corp Units,$9.92,0.00,0.00%,0.00,Singapore,2021,2258,Finance,Business Services
LCAAW,L Catterton Asia Acquisition Corp Warrant,$0.7545,0.0445,6.268%,0.00,Singapore,2021,7350,Finance,Business Services
LEDS,SemiLEDS Corporation Common Stock,$9.52,0.54,6.013%,42309536.00,Taiwan,2010,265889,Technology,Semiconductors
LGHL,Lion Group Holding Ltd. American Depositary Share,$1.30,-0.06,-4.412%,48322659.00,China,,534255,Finance,Investment Bankers/Brokers/Service
LGHLW,Lion Group Holding Ltd. Warrant,$0.131,-0.009,-6.429%,0.00,China,,67639,Finance,Investment Bankers/Brokers/Service
LYL,Dragon Victory International Limited Ordinary Shares,$1.33,-0.01,-0.746%,15190453.00,China,2017,25251,Finance,Finance/Investors Services
METX,Meten Holding Group Ltd. Ordinary Shares,$0.3878,0.0083,2.187%,40457482.00,China,,19481093,Consumer Services,Other Consumer Services
METXW,Meten EdtechX Education Group Ltd. Warrant,$0.136,-0.012,-8.108%,0.00,China,,1853,Consumer Services,Other Consumer Services
MFH,Mercurity Fintech Holding Inc. ADS,$2.91,-0.04,-1.356%,28072569.00,China,2015,181284,Technology,EDP Services
MLACU,Malacca Straits Acquisition Company Limited Units,$10.08,-0.20,-1.946%,0.00,Hong Kong,2020,480,Finance,Business Services
MLACW,Malacca Straits Acquisition Company Limited Warrants,$0.3741,0.0061,1.658%,0.00,Hong Kong,2020,21953,Finance,Business Services
MOHO,ECMOHO Limited American Depositary Shares,$0.6489,0.0029,0.449%,30134510.00,China,2019,478980,Consumer Services,Catalog/Specialty Distribution
MPACR,Model Performance Acquisition Corp. Right,$0.44,0.0045,1.033%,0.00,Hong Kong,2021,450,Finance,Business Services
MPACU,Model Performance Acquisition Corp. Units,$10.55,0.09,0.86%,0.00,Hong Kong,2021,250,Finance,Business Services
MPACW,Model Performance Acquisition Corp. Warrant,$0.4521,0.002,0.444%,0.00,Hong Kong,2021,1080,Finance,Business Services
MRM,MEDIROM Healthcare Technologies Inc. American Depositary Share,$7.32,-0.31,-4.063%,36417000.00,Japan,2020,14970,Consumer Services,Other Consumer Services
MTC,MMTec Inc. Common Shares,$1.35,-0.0186,-1.359%,27094500.00,China,2019,48932,Technology,Computer Software: Prepackaged Software
NEGG,Newegg Commerce Inc. Common Shares,$17.69,-0.11,-0.618%,7959545.00,China,,274001,,
NOVVU,Nova Vision Acquisition Corp. Unit,$10.245,0.075,0.737%,0.00,Hong Kong,2021,227,,
NVVEW,Nuvve Holding Corp. Warrant,$1.54,0.0653,4.428%,0.00,China,2020,17177,Energy,Oil Refining/Marketing
OSN,Ossen Innovation Co. Ltd. American Depositary Shares,$5.0499,-0.0001,-0.002%,33314372.00,China,2010,46225,Basic Industries,Steel/Iron Ore
PAQCU,Provident Acquisition Corp. Units,$9.95,0.00,0.00%,0.00,Hong Kong,2021,707,Finance,Business Services
PAQCW,Provident Acquisition Corp. Warrant,$0.6097,0.0397,6.965%,0.00,Hong Kong,2021,300,Finance,Business Services
PBTS,Powerbridge Technologies Co. Ltd. Ordinary Shares,$1.37,0.06,4.58%,12603373.00,China,2019,2216910,Technology,EDP Services
PHCF,Puhui Wealth Investment Management Co. Ltd. Ordinary Shares,$2.65,-0.145,-5.188%,30495029.00,China,2018,12132,Finance,Investment Managers
PLAG,Planet Green Holdings Corp. Common Stock,$1.28,0.02,1.587%,37992870.00,China,,18147,,
PLIN,China Xiangtai Food Co. Ltd. Ordinary Shares,$1.09,-0.02,-1.802%,26044489.00,China,2019,204428,Consumer Non-Durables,Meat/Poultry/Fish
PPGHU,Poema Global Holdings Corp. Unit,$9.99,-0.06,-0.597%,0.00,China,2021,17351,Finance,Business Services
PPGHW,Poema Global Holdings Corp. Warrant,$0.64,0.01,1.587%,0.00,China,2021,7632,Finance,Business Services
PT,Pintec Technology Holdings Limited American Depositary Shares,$0.9486,-0.0091,-0.95%,41108425.00,China,2018,82923,Technology,Computer Software: Programming Data Processing
QK,Q&K International Group Limited American Depositary Shares,$0.7498,0.011,1.489%,43100671.00,China,2019,95419,Finance,Real Estate
RCON,Recon Technology Ltd. Class A Ordinary Shares,$3.26,0.16,5.161%,23481232.00,China,2009,1664582,Energy,Oilfield Services/Equipment
REDU,RISE Education Cayman Ltd American Depositary Shares,$0.8338,0.0223,2.748%,47095447.00,China,2017,27175,Miscellaneous,Service to the Health Industry
RETO,ReTo Eco-Solutions Inc. Common Shares,$0.8731,0.0131,1.523%,23740271.00,China,2017,38601,Capital Goods,Multi-Sector Companies
SEED,Origin Agritech Limited Common Stock,$8.50,-0.40,-4.494%,48461713.00,China,,133654,,Farming/Seeds/Milling
SLCRU,Silver Crest Acquisition Corporation Unit,$10.05,-0.01,-0.099%,0.00,China,2021,2808,Finance,Business Services
SLCRW,Silver Crest Acquisition Corporation Warrant,$0.68,0.07,11.475%,0.00,China,2021,8502,Finance,Business Services
SMIHU,Summit Healthcare Acquisition Corp. Units,$10.00,0.00,0.00%,0.00,China,2021,7305,,
SMIHW,Summit Healthcare Acquisition Corp. Warrant,$0.8201,-0.2099,-20.379%,0.00,China,2021,240,,
SPKAR,SPK Acquisition Corp. Right,$0.32,-0.0201,-5.91%,0.00,China,2021,2514,,
SPKAU,SPK Acquisition Corp Unit,$10.175,0.025,0.246%,0.00,China,2021,1984,,
SXTC,China SXT Pharmaceuticals Inc. Ordinary Shares,$1.07,-0.0115,-1.063%,19810404.00,China,2019,96779,Health Care,Biotechnology: Pharmaceutical Preparations
TANH,Tantech Holdings Ltd. Common Stock,$0.8026,0.0071,0.893%,23186178.00,China,2015,218814,Basic Industries,Pollution Control Equipment
TAOP,Taoping Inc. Ordinary Shares ,$3.00,0.07,2.389%,40939080.00,China,,271054,Technology,Computer Software: Prepackaged Software
TC,TuanChe Limited American Depositary Shares,$2.19,0.11,5.288%,42049226.00,China,2018,32160,Miscellaneous,Business Services
TRITW,Triterras Inc. Warrant,$0.7998,0.0299,3.884%,0.00,Singapore,,12528,Technology,EDP Services
TYHT,Shineco Inc. Common Stock,$10.43,0.23,2.255%,31676369.00,China,2016,103342,Consumer Durables,Specialty Chemicals
UPC,Universe Pharmaceuticals Inc. Ordinary Shares,$2.29,-0.10,-4.184%,49807500.00,China,2021,199359,Health Care,Biotechnology: Pharmaceutical Preparations
UTSI,UTStarcom Holdings Corp.,$1.29,0.04,3.20%,46674931.00,China,2000,44078,Capital Goods,Telecommunications Equipment
VCKAU,Vickers Vantage Corp. I Unit,$10.20,0.00,0.00%,0.00,Singapore,2021,196,Finance,Business Services
VCKAW,Vickers Vantage Corp. I Warrant,$0.4883,-0.02,-3.935%,0.00,Singapore,2021,691,Finance,Business Services
WAFU,Wah Fu Education Group Limited Ordinary Shares,$6.87,-0.25,-3.511%,30097697.00,China,2019,214691,Consumer Services,Other Consumer Services
ZCMD,Zhongchao Inc. Class A Ordinary Shares,$1.63,0.03,1.875%,38411064.00,China,2020,73017,Consumer Services,Other Consumer Services
ZGYHR,Yunhong International Right,$0.32,-0.02,-5.882%,0.00,China,2020,106746,Finance,Business Services
ZGYHW,Yunhong International Warrant,$0.3937,0.0353,9.849%,0.00,China,2020,20029,Finance,Business Services
